snapshot_date,match_id,match_date,start_time,round_label,home_team,away_team,venue_name,predicted_attendance,attendance_level
2026-08-17,20260820_H15_A08,2026-08-20,19:30:00,Round 24,St Kilda,Gold Coast,Docklands,21675,Low
2026-08-17,20260821_H04_A02,2026-08-21,19:40:00,Round 24,Collingwood,Brisbane Lions,MCG,77848,High
2026-08-17,20260822_H03_A06,2026-08-22,13:15:00,Round 24,Carlton,Fremantle,Docklands,34774,Medium
2026-08-17,20260822_H11_A18,2026-08-22,16:15:00,Round 24,Melbourne,Western Bulldogs,MCG,39611,Medium
2026-08-17,20260822_H01_A09,2026-08-22,19:40:00,Round 24,Adelaide,Greater Western Sydney,Adelaide Oval,46296,High
2026-08-17,20260822_H07_A14,2026-08-22,19:45:00,Round 24,Geelong,Richmond,Kardinia Park,36723,Medium
2026-08-17,20260823_H05_A13,2026-08-23,12:20:00,Round 24,Essendon,Port Adelaide,Docklands,27082,Medium
2026-08-17,20260823_H16_A12,2026-08-23,15:20:00,Round 24,Sydney,North Melbourne,SCG,34153,Medium
2026-08-17,20260823_H17_A10,2026-08-23,17:20:00,Round 24,West Coast,Hawthorn,Perth Stadium,44182,High
